fatura_no;tedarikci_kodu;tedarikci_adi;siparis_no;fatura_tarihi;tutar;para_birimi;olusturan;onaylayan
FTR-2024-0001;T001;Atlas Ofis Malzemeleri;SAS-2024-0109;14.01.2024;6.803,18;TRY;ayse.k;can.d
FTR-2024-0002;T001;Atlas Ofis Malzemeleri;SAS-2024-0115;18.02.2024;2.358,42;TRY;can.d;ayse.k
FTR-2024-0003;T001;Atlas Ofis Malzemeleri;SAS-2024-0098;23.03.2024;26.352,78;TRY;ayse.k;mehmet.y
FTR-2024-0004;T003;Ege Danışmanlık;SAS-2024-0021;26.06.2024;308.108,81;TRY;ayse.k;zeynep.a
FTR-2024-0005;T005;Anadolu Bilişim;SAS-2024-0060;05.07.2024;5.407,49;TRY;zeynep.a;ayse.k
FTR-2024-0006;T004;Marmara Yapı;SAS-2024-0069;23.05.2024;51.539,63;TRY;mehmet.y;can.d
FTR-2024-0007;T005;Anadolu Bilişim;SAS-2024-0177;22.11.2024;46.185,47;TRY;zeynep.a;can.d
FTR-2024-0008;T003;Ege Danışmanlık;SAS-2024-0146;30.01.2024;10.637,11;TRY;ayse.k;mehmet.y
FTR-2024-0009;T002;Kuzey Lojistik A.Ş.;SAS-2024-0144;13.09.2024;55.641,93;TRY;mehmet.y;ayse.k
FTR-2024-0010;T005;Anadolu Bilişim;SAS-2024-0013;08.08.2024;8.131,49;TRY;can.d;ayse.k
FTR-2024-0010;T002;Kuzey Lojistik A.Ş.;SAS-2024-0120;18.11.2024;43.704,54;TRY;can.d;zeynep.a
FTR-2024-0012;T005;Anadolu Bilişim;SAS-2024-0076;07.01.2024;14.842,14;USD;zeynep.a;ayse.k
FTR-2024-0013;T002;Kuzey Lojistik A.Ş.;SAS-2024-0028;21.08.2024;304.691,43;TRY;mehmet.y;can.d
FTR-2024-0014;T005;Anadolu Bilişim;SAS-2024-0083;08.11.2024;114.926,67;EUR;ayse.k;can.d
FTR-2024-0015;T001;Atlas Ofis Malzemeleri;SAS-2024-0062;28.02.2024;53.814,82;TRY;mehmet.y;ayse.k
FTR-2024-0016;T001;Atlas Ofis Malzemeleri;SAS-2024-0122;06.09.2024;7.436,20;TRY;mehmet.y;can.d
FTR-2024-0017;T003;Ege Danışmanlık;SAS-2024-0080;28.09.2024;132.011,39;USD;mehmet.y;can.d
FTR-2024-0018;T003;Ege Danışmanlık;SAS-2024-0151;13.08.2024;8.146,72;TRY;zeynep.a;ayse.k
FTR-2024-0019;T005;Anadolu Bilişim;SAS-2024-0019;23.04.2024;561,12;TRY;ayse.k;zeynep.a
FTR-2024-0020;T003;Ege Danışmanlık;SAS-2024-0122;06.09.2024;378.074,84;USD;can.d;ayse.k
FTR-2024-0021;T001;ATLAS OFIS MALZEMELERI;SAS-2024-0168;19.02.2024;30.983,61;TRY;ayse.k;can.d
FTR-2024-0022;T001;Atlas Ofis Malzemeleri ;SAS-2024-0115;26.07.2024;6.689,82;TRY;mehmet.y;can.d
FTR-2024-0023;T004;Marmara Yapı;SAS-2024-0167;04.04.2024;21.740,13;TRY;ayse.k;mehmet.y
FTR-2024-0024;T001;Atlas Ofis Malzemeleri;SAS-2024-0098;02.05.2024;33.767,70;TRY;ayse.k;mehmet.y
FTR-2024-0025;T004;Marmara Yapı;SAS-2024-0049;16.05.2024;156.984,74;TRY;can.d;ayse.k
FTR-2024-0026;T002;Kuzey Lojistik A.Ş.;SAS-2024-0123;31.01.2024;5.423,03;TRY;ayse.k;can.d
FTR-2024-0027;T001;Atlas Ofis Malzemeleri;SAS-2024-0031;18.09.2024;262.311,94;TRY;mehmet.y;zeynep.a
FTR-2024-0028;T005;Anadolu Bilişim;SAS-2024-0053;01.11.2024;283.506,88;TRY;zeynep.a;mehmet.y
FTR-2024-0029;T002;Kuzey Lojistik A.Ş.;SAS-2024-0118;16.05.2024;43.256,20;TRY;ayse.k;mehmet.y
FTR-2024-0030;T001;Atlas Ofis Malzemeleri;SAS-2024-0073;03.10.2024;2.311,81;TRY;mehmet.y;zeynep.a
FTR-2024-0031;T004;Marmara Yapı;;06.10.2024;395.659,24;TRY;ayse.k;can.d
FTR-2024-0032;T001;Atlas Ofis Malzemeleri;;10.03.2024;2.747,96;TRY;zeynep.a;mehmet.y
FTR-2024-0033;T003;Ege Danışmanlık;;15.04.2024;52.498,55;USD;ayse.k;mehmet.y
FTR-2024-0034;T003;Ege Danışmanlık;SAS-2024-0114;24.01.2024;48.327,08;USD;mehmet.y;can.d
FTR-2024-0035;T005;Anadolu Bilişim;SAS-2024-0150;06.01.2024;1.450,93;TRY;ayse.k;zeynep.a
FTR-2024-0036;T004;Marmara Yapı;SAS-2024-0175;07.03.2024;855,55;TRY;zeynep.a;ayse.k
FTR-2024-0037;T001;Atlas Ofis Malzemeleri;SAS-2024-0042;01.07.2024;198.168,31;TRY;mehmet.y;ayse.k
FTR-2024-0038;T004;Marmara Yapı;SAS-2024-0041;14.01.2024;56.148,85;TRY;mehmet.y;zeynep.a
FTR-2024-0039;T004;Marmara Yapı;SAS-2024-0059;21.01.2024;20.344,12;TRY;zeynep.a;mehmet.y
FTR-2024-0040;T001;Atlas Ofis Malzemeleri;SAS-2024-0131;09.04.2024;23.208,76;USD;zeynep.a;can.d
FTR-2024-0041;T005;Anadolu Bilişim;SAS-2024-0028;31.02.2024;8.483,52;USD;zeynep.a;ayse.k
FTR-2024-0042;T003;Ege Danışmanlık;SAS-2024-0012;15.03.2027;99.319,57;USD;mehmet.y;zeynep.a
FTR-2024-0043;T001;Atlas Ofis Malzemeleri;SAS-2024-0111;24.09.2024;304.606,20;TRY;mehmet.y;zeynep.a
FTR-2024-0044;T003;Ege Danışmanlık;SAS-2024-0105;16.11.2024;52.248,78;TRY;zeynep.a;can.d
FTR-2024-0045;T004;Marmara Yapı;SAS-2024-0146;01.06.2024;18.783,84;TRY;mehmet.y;can.d
FTR-2024-0046;T004;Marmara Yapı;SAS-2024-0114;08.10.2024;131.462,11;EUR;zeynep.a;mehmet.y
FTR-2024-0047;T002;Kuzey Lojistik A.Ş.;SAS-2024-0132;19.09.2024;4.522,08;TRY;ayse.k;zeynep.a
FTR-2024-0048;T001;Atlas Ofis Malzemeleri;SAS-2024-0122;01.05.2024;6.218,76;TRY;ayse.k;mehmet.y
FTR-2024-0049;T004;Marmara Yapı;SAS-2024-0063;01.08.2024;38.359,22;TRY;can.d;mehmet.y
FTR-2024-0050;T001;Atlas Ofis Malzemeleri;SAS-2024-0143;25.02.2024;333.397,35;TRY;can.d;ayse.k
FTR-2024-0051;T001;Atlas Ofis Malzemeleri;SAS-2024-0157;22.08.2024;bilinmiyor;USD;zeynep.a;mehmet.y
FTR-2024-0052;T005;Anadolu Bilişim;SAS-2024-0071;17.08.2024;-12.500,00;EUR;mehmet.y;can.d
FTR-2024-0053;T002;Kuzey Lojistik A.Ş.;SAS-2024-0021;21.05.2024;45.390,79;TRY;zeynep.a;can.d
FTR-2024-0054;T002;Kuzey Lojistik A.Ş.;SAS-2024-0139;29.04.2024;16.793,07;EUR;can.d;mehmet.y
FTR-2024-0055;T004;Marmara Yapı;SAS-2024-0098;02.02.2024;367.645,08;EUR;ayse.k;can.d
FTR-2024-0056;T001;Atlas Ofis Malzemeleri;SAS-2024-0057;30.06.2024;28.889,32;TRY;mehmet.y;zeynep.a
FTR-2024-0057;T004;Marmara Yapı;SAS-2024-0033;06.09.2024;26.142,61;TRY;mehmet.y;zeynep.a
FTR-2024-0058;T004;Marmara Yapı;SAS-2024-0013;31.10.2024;5.297,33;TRY;can.d;ayse.k
FTR-2024-0059;T004;Marmara Yapı;SAS-2024-0065;17.06.2024;25.669,14;TRY;zeynep.a;mehmet.y
FTR-2024-0060;T004;Marmara Yapı;SAS-2024-0011;11.01.2024;6.866,71;TRY;ayse.k;can.d
FTR-2024-0061;T002;Kuzey Lojistik A.Ş.;SAS-2024-0056;13.04.2024;40.688,12;TL;ayse.k;can.d
FTR-2024-0062;T003;Ege Danışmanlık;SAS-2024-0028;08.07.2024;1.926,21;TRY;mehmet.y;zeynep.a
FTR-2024-0063;T003;Ege Danışmanlık;SAS-2024-0152;22.10.2024;194.862,51;TRY;mehmet.y;ayse.k
FTR-2024-0064;T001;Atlas Ofis Malzemeleri;SAS-2024-0137;04.06.2024;101.158,72;USD;ayse.k;zeynep.a
FTR-2024-0065;T003;Ege Danışmanlık;SAS-2024-0093;06.02.2024;26.402,79;EUR;ayse.k;zeynep.a
FTR-2024-0066;T002;Kuzey Lojistik A.Ş.;SAS-2024-0112;11.08.2024;281.155,52;TRY;can.d;mehmet.y
FTR-2024-0067;T003;Ege Danışmanlık;SAS-2024-0157;06.05.2024;7.561,21;USD;can.d;zeynep.a
FTR-2024-0068;T003;Ege Danışmanlık;SAS-2024-0072;16.01.2024;25.575,72;TRY;zeynep.a;mehmet.y
FTR-2024-0069;T005;Anadolu Bilişim;SAS-2024-0062;07.01.2024;18.743,88;EUR;can.d;zeynep.a
FTR-2024-0070;T004;Marmara Yapı;SAS-2024-0170;18.08.2024;135.342,78;TRY;mehmet.y;zeynep.a
FTR-2024-0071;T004;Marmara Yapı;SAS-2024-0117;11.10.2024;30.700,69;TRY;zeynep.a;
FTR-2024-0072;T003;Ege Danışmanlık;SAS-2024-0056;09.05.2024;167.286,30;EUR;mehmet.y;ayse.k
FTR-2024-0073;T003;Ege Danışmanlık;SAS-2024-0059;29.10.2024;8.801,16;TRY;mehmet.y;zeynep.a
FTR-2024-0074;T002;Kuzey Lojistik A.Ş.;SAS-2024-0033;04.06.2024;620,26;EUR;zeynep.a;can.d
FTR-2024-0075;T001;Atlas Ofis Malzemeleri;SAS-2024-0123;08.01.2024;5.379,55;TRY;ayse.k;zeynep.a
FTR-2024-0076;T001;Atlas Ofis Malzemeleri;SAS-2024-0078;25.07.2024;4.679,85;TRY;mehmet.y;can.d
FTR-2024-0077;T002;Kuzey Lojistik A.Ş.;SAS-2024-0098;02.03.2024;262.683,13;EUR;mehmet.y;can.d
FTR-2024-0078;T004;Marmara Yapı;SAS-2024-0026;02.06.2024;163.829,28;TRY;ayse.k;can.d
FTR-2024-0079;T002;Kuzey Lojistik A.Ş.;SAS-2024-0105;16.05.2024;6.113,64;EUR;mehmet.y;ayse.k
FTR-2024-0080;T005;Anadolu Bilişim;SAS-2024-0176;29.08.2024;300.364,98;TRY;can.d;ayse.k
FTR-2024-0081;T003;Ege Danışmanlık;SAS-2024-0039;17.11.2024;5.513,21;TRY;mehmet.y;mehmet.y
FTR-2024-0082;T002;Kuzey Lojistik A.Ş.;SAS-2024-0032;07.02.2024;262.314,97;EUR;zeynep.a;mehmet.y
FTR-2024-0083;T003;Ege Danışmanlık;SAS-2024-0083;26.07.2024;8.512,75;TRY;ayse.k;zeynep.a
FTR-2024-0084;T001;Atlas Ofis Malzemeleri;SAS-2024-0069;17.02.2024;352.575,74;TRY;ayse.k;can.d
FTR-2024-0085;T002;Kuzey Lojistik A.Ş.;SAS-2024-0126;29.08.2024;154.573,23;TRY;can.d;zeynep.a
FTR-2024-0086;T004;Marmara Yapı;SAS-2024-0178;28.06.2024;3.970,96;EUR;zeynep.a;mehmet.y
FTR-2024-0087;T003;Ege Danışmanlık;SAS-2024-0030;25.07.2024;37.054,93;USD;zeynep.a;mehmet.y
FTR-2024-0088;T005;Anadolu Bilişim;SAS-2024-0128;02.01.2024;6.090,11;EUR;zeynep.a;can.d
FTR-2024-0089;T001;Atlas Ofis Malzemeleri;SAS-2024-0008;15.04.2024;157.929,91;TRY;can.d;ayse.k
FTR-2024-0090;T002;Kuzey Lojistik A.Ş.;SAS-2024-0166;09.06.2024;5.182,13;TRY;can.d;ayse.k
FTR-2024-0091;T004;Marmara Yapı;SAS-2024-0142;30.05.2024;22.944,67;TRY;mehmet.y;zeynep.a
FTR-2024-0092;T004;Marmara Yapı;SAS-2024-0088;08.04.2024;8.335,88;TRY;zeynep.a;mehmet.y
FTR-2024-0093;T001;Atlas Ofis Malzemeleri;SAS-2024-0115;25.05.2024;257.173,95;EUR;can.d;ayse.k
FTR-2024-0094;T003;Ege Danışmanlık;SAS-2024-0062;20.06.2024;36.714,93;USD;mehmet.y;can.d
FTR-2024-0095;T002;Kuzey Lojistik A.Ş.;SAS-2024-0167;30.07.2024;46.979,96;TRY;can.d;zeynep.a
FTR-2024-0096;T004;Marmara Yapı;SAS-2024-0135;20.01.2024;1.573,09;EUR;can.d;ayse.k
FTR-2024-0097;T001;Atlas Ofis Malzemeleri;SAS-2024-0160;15.03.2024;42.393,85;USD;zeynep.a;mehmet.y
FTR-2024-0098;T001;Atlas Ofis Malzemeleri;SAS-2024-0010;18.06.2024;52.826,45;TRY;can.d;zeynep.a
FTR-2024-0099;T002;Kuzey Lojistik A.Ş.;SAS-2024-0163;20.11.2024;6.317,40;TRY;can.d;ayse.k
FTR-2024-0100;T004;Marmara Yapı;SAS-2024-0096;27.03.2024;6.399,01;USD;zeynep.a;mehmet.y
FTR-2024-0101;T002;Kuzey Lojistik A.Ş.;SAS-2024-0157;06.05.2024;5.014,91;USD;mehmet.y;ayse.k
FTR-2024-0102;T005;Anadolu Bilişim;SAS-2024-0066;04.05.2024;138.944,07;TRY;zeynep.a;mehmet.y
FTR-2024-0103;T004;Marmara Yapı;SAS-2024-0109;28.05.2024;17.056,76;TRY;zeynep.a;can.d
FTR-2024-0104;T004;Marmara Yapı;SAS-2024-0092;04.06.2024;2.193,34;TRY;can.d;zeynep.a
FTR-2024-0105;T003;Ege Danışmanlık;SAS-2024-0128;13.01.2024;153.323,33;TRY;ayse.k;can.d
FTR-2024-0106;T002;Kuzey Lojistik A.Ş.;SAS-2024-0025;07.11.2024;20.169,23;TRY;mehmet.y;can.d
FTR-2024-0107;T003;Ege Danışmanlık;SAS-2024-0107;14.08.2024;27.607,92;TRY;zeynep.a;can.d
FTR-2024-0108;T002;Kuzey Lojistik A.Ş.;SAS-2024-0066;09.03.2024;184.391,56;EUR;zeynep.a;ayse.k
FTR-2024-0109;T003;Ege Danışmanlık;SAS-2024-0094;23.06.2024;7.335,98;TRY;can.d;zeynep.a
FTR-2024-0110;T004;Marmara Yapı;SAS-2024-0098;09.01.2024;185.319,12;TRY;zeynep.a;can.d
FTR-2024-0111;T001;Atlas Ofis Malzemeleri;SAS-2024-0017;30.04.2024;40.596,89;EUR;mehmet.y;can.d
FTR-2024-0112;T003;Ege Danışmanlık;SAS-2024-0061;29.07.2024;11.312,69;TRY;ayse.k;mehmet.y
FTR-2024-0113;T004;Marmara Yapı;SAS-2024-0040;21.08.2024;296.804,56;USD;can.d;zeynep.a
FTR-2024-0114;T001;Atlas Ofis Malzemeleri;SAS-2024-0114;08.09.2024;155.111,65;EUR;zeynep.a;ayse.k
FTR-2024-0115;T002;Kuzey Lojistik A.Ş.;SAS-2024-0102;05.07.2024;245.118,39;TRY;zeynep.a;ayse.k
FTR-2024-0116;T002;Kuzey Lojistik A.Ş.;SAS-2024-0086;04.03.2024;8.566,59;TRY;ayse.k;mehmet.y
FTR-2024-0117;T002;Kuzey Lojistik A.Ş.;SAS-2024-0085;17.10.2024;248.430,65;TRY;mehmet.y;ayse.k
FTR-2024-0118;T005;Anadolu Bilişim;SAS-2024-0029;03.01.2024;395.759,28;TRY;zeynep.a;ayse.k
FTR-2024-0119;T002;Kuzey Lojistik A.Ş.;SAS-2024-0014;09.01.2024;3.545,06;TRY;mehmet.y;zeynep.a
FTR-2024-0120;T004;Marmara Yapı;SAS-2024-0129;27.09.2024;12.241,46;TRY;ayse.k;zeynep.a
FTR-2024-0121;T005;Anadolu Bilişim;SAS-2024-0008;24.01.2024;55.346,34;TRY;can.d;zeynep.a
FTR-2024-0122;T004;Marmara Yapı;SAS-2024-0083;25.07.2024;14.506,05;TRY;ayse.k;mehmet.y
FTR-2024-0123;T001;Atlas Ofis Malzemeleri;SAS-2024-0136;06.03.2024;41.286,91;TRY;can.d;zeynep.a
FTR-2024-0124;T004;Marmara Yapı;SAS-2024-0116;16.09.2024;298.605,00;TRY;mehmet.y;zeynep.a
FTR-2024-0125;T004;Marmara Yapı;SAS-2024-0171;23.06.2024;29.335,24;TRY;can.d;mehmet.y
FTR-2024-0126;T003;Ege Danışmanlık;SAS-2024-0025;20.03.2024;6.337,98;TRY;ayse.k;zeynep.a
FTR-2024-0127;T002;Kuzey Lojistik A.Ş.;SAS-2024-0091;12.10.2024;250.972,35;USD;ayse.k;zeynep.a
FTR-2024-0128;T001;Atlas Ofis Malzemeleri;SAS-2024-0124;28.05.2024;5.603,49;TRY;mehmet.y;can.d
FTR-2024-0129;T001;Atlas Ofis Malzemeleri;SAS-2024-0144;29.06.2024;319.285,91;TRY;mehmet.y;zeynep.a
FTR-2024-0130;T005;Anadolu Bilişim;SAS-2024-0047;17.05.2024;22.936,79;TRY;zeynep.a;ayse.k
FTR-2024-0131;T005;Anadolu Bilişim;SAS-2024-0108;25.07.2024;1.091,48;EUR;mehmet.y;zeynep.a
FTR-2024-0132;T003;Ege Danışmanlık;SAS-2024-0040;22.03.2024;324.124,11;TRY;ayse.k;mehmet.y
FTR-2024-0133;T005;Anadolu Bilişim;SAS-2024-0070;27.01.2024;22.877,25;TRY;can.d;mehmet.y
FTR-2024-0134;T005;Anadolu Bilişim;SAS-2024-0171;29.02.2024;290.594,08;TRY;can.d;zeynep.a
FTR-2024-0135;T001;Atlas Ofis Malzemeleri;SAS-2024-0066;23.04.2024;39.565,57;TRY;mehmet.y;ayse.k
FTR-2024-0136;T003;Ege Danışmanlık;SAS-2024-0144;03.03.2024;47.097,72;TRY;mehmet.y;can.d
FTR-2024-0137;T001;Atlas Ofis Malzemeleri;SAS-2024-0110;23.07.2024;7.825,00;USD;zeynep.a;can.d
FTR-2024-0138;T004;Marmara Yapı;SAS-2024-0093;29.05.2024;170.421,18;TRY;can.d;zeynep.a
FTR-2024-0139;T004;Marmara Yapı;SAS-2024-0087;25.02.2024;39.032,44;TRY;zeynep.a;can.d
FTR-2024-0140;T003;Ege Danışmanlık;SAS-2024-0166;28.03.2024;1.149,22;TRY;zeynep.a;mehmet.y
FTR-2024-0141;T002;Kuzey Lojistik A.Ş.;SAS-2024-0161;23.02.2024;264.815,65;EUR;ayse.k;mehmet.y
FTR-2024-0142;T004;Marmara Yapı;SAS-2024-0081;16.10.2024;374.212,45;TRY;zeynep.a;can.d
FTR-2024-0143;T004;Marmara Yapı;SAS-2024-0130;05.02.2024;330.752,09;TRY;ayse.k;zeynep.a
FTR-2024-0144;T003;Ege Danışmanlık;SAS-2024-0153;25.08.2024;4.341,27;USD;ayse.k;can.d
FTR-2024-0145;T004;Marmara Yapı;SAS-2024-0155;25.10.2024;49.382,71;EUR;mehmet.y;zeynep.a
FTR-2024-0146;T005;Anadolu Bilişim;SAS-2024-0166;19.03.2024;31.976,68;TRY;ayse.k;can.d
FTR-2024-0147;T001;Atlas Ofis Malzemeleri;SAS-2024-0096;07.05.2024;238.183,31;TRY;mehmet.y;zeynep.a
FTR-2024-0148;T004;Marmara Yapı;SAS-2024-0085;29.07.2024;77.804,28;TRY;zeynep.a;ayse.k
FTR-2024-0149;T005;Anadolu Bilişim;SAS-2024-0021;17.07.2024;283.231,79;TRY;mehmet.y;zeynep.a
FTR-2024-0150;T003;Ege Danışmanlık;SAS-2024-0144;08.06.2024;193.265,71;USD;ayse.k;zeynep.a
FTR-2024-0151;T003;Ege Danışmanlık;SAS-2024-0172;07.03.2024;311.183,39;USD;ayse.k;can.d
FTR-2024-0152;T005;Anadolu Bilişim;SAS-2024-0058;05.07.2024;24.752,17;TRY;can.d;ayse.k
FTR-2024-0153;T002;Kuzey Lojistik A.Ş.;SAS-2024-0087;10.02.2024;232.614,50;TRY;ayse.k;can.d
FTR-2024-0154;T005;Anadolu Bilişim;SAS-2024-0113;12.07.2024;295.567,52;TRY;mehmet.y;can.d
FTR-2024-0155;T004;Marmara Yapı;SAS-2024-0137;06.07.2024;21.114,04;TRY;can.d;ayse.k
FTR-2024-0156;T003;Ege Danışmanlık;SAS-2024-0073;29.08.2024;290.624,32;USD;can.d;mehmet.y
FTR-2024-0157;T005;Anadolu Bilişim;SAS-2024-0014;28.09.2024;127.897,23;EUR;mehmet.y;zeynep.a
FTR-2024-0158;T003;Ege Danışmanlık;SAS-2024-0042;11.10.2024;8.441,50;TRY;zeynep.a;ayse.k
FTR-2024-0159;T004;Marmara Yapı;SAS-2024-0007;20.09.2024;1.752,46;USD;can.d;mehmet.y
FTR-2024-0160;T001;Atlas Ofis Malzemeleri;SAS-2024-0082;22.07.2024;21.024,68;TRY;mehmet.y;ayse.k
FTR-2024-0161;T003;Ege Danışmanlık;SAS-2024-0121;16.03.2024;342.118,94;EUR;mehmet.y;can.d
FTR-2024-0162;T005;Anadolu Bilişim;SAS-2024-0074;04.01.2024;8.199,79;TRY;can.d;ayse.k
FTR-2024-0163;T003;Ege Danışmanlık;SAS-2024-0128;04.03.2024;30.411,10;TRY;ayse.k;mehmet.y
FTR-2024-0164;T005;Anadolu Bilişim;SAS-2024-0147;22.10.2024;205.941,22;USD;zeynep.a;ayse.k
FTR-2024-0165;T002;Kuzey Lojistik A.Ş.;SAS-2024-0121;14.02.2024;384.157,25;TRY;ayse.k;zeynep.a
FTR-2024-0166;T004;Marmara Yapı;SAS-2024-0169;11.07.2024;9.828,35;TRY;mehmet.y;can.d
FTR-2024-0167;T005;Anadolu Bilişim;SAS-2024-0119;20.06.2024;175.106,07;EUR;mehmet.y;can.d
FTR-2024-0168;T002;Kuzey Lojistik A.Ş.;SAS-2024-0052;11.03.2024;48.585,71;TRY;mehmet.y;ayse.k
FTR-2024-0169;T003;Ege Danışmanlık;SAS-2024-0049;08.06.2024;59.445,26;TRY;ayse.k;can.d
FTR-2024-0170;T003;Ege Danışmanlık;SAS-2024-0113;26.01.2024;25.928,16;USD;can.d;mehmet.y
FTR-2024-0171;T003;Ege Danışmanlık;SAS-2024-0109;06.04.2024;374.265,56;TRY;zeynep.a;ayse.k
FTR-2024-0172;T004;Marmara Yapı;SAS-2024-0170;05.11.2024;8.958,33;TRY;ayse.k;zeynep.a
FTR-2024-0173;T003;Ege Danışmanlık;SAS-2024-0091;17.08.2024;30.731,92;USD;can.d;ayse.k
FTR-2024-0174;T003;Ege Danışmanlık;SAS-2024-0132;24.11.2024;85.514,00;TRY;can.d;mehmet.y
FTR-2024-0175;T001;Atlas Ofis Malzemeleri;SAS-2024-0166;15.03.2024;7.713,69;TRY;ayse.k;mehmet.y
FTR-2024-0176;T003;Ege Danışmanlık;SAS-2024-0114;16.07.2024;10.651,65;TRY;zeynep.a;mehmet.y
FTR-2024-0177;T005;Anadolu Bilişim;SAS-2024-0048;12.03.2024;5.000,41;EUR;ayse.k;mehmet.y
FTR-2024-0178;T005;Anadolu Bilişim;SAS-2024-0157;18.07.2024;323.487,92;TRY;can.d;ayse.k
FTR-2024-0179;T004;Marmara Yapı;SAS-2024-0175;13.04.2024;213.694,51;TRY;can.d;ayse.k
FTR-2024-0180;T003;Ege Danışmanlık;SAS-2024-0131;04.02.2024;5.174,98;TRY;mehmet.y;zeynep.a
FTR-2024-0181;T001;Atlas Ofis Malzemeleri;SAS-2024-0142;13.04.2024;21.073,55;TRY;zeynep.a;mehmet.y
FTR-2024-0182;T005;Anadolu Bilişim;SAS-2024-0148;15.02.2024;29.306,16;TRY;can.d;mehmet.y
FTR-2024-0183;T002;Kuzey Lojistik A.Ş.;SAS-2024-0164;12.06.2024;31.948,70;TRY;mehmet.y;can.d
FTR-2024-0184;T002;Kuzey Lojistik A.Ş.;SAS-2024-0043;10.08.2024;342.672,87;TRY;mehmet.y;zeynep.a
FTR-2024-0185;T003;Ege Danışmanlık;SAS-2024-0163;26.04.2024;3.441,20;TRY;zeynep.a;ayse.k
FTR-2024-0186;T002;Kuzey Lojistik A.Ş.;SAS-2024-0169;17.11.2024;3.074,01;TRY;mehmet.y;ayse.k
FTR-2024-0187;T005;Anadolu Bilişim;SAS-2024-0054;23.01.2024;75.457,01;USD;zeynep.a;can.d
FTR-2024-0188;T005;Anadolu Bilişim;SAS-2024-0063;24.11.2024;245.496,34;USD;zeynep.a;mehmet.y
FTR-2024-0189;T003;Ege Danışmanlık;SAS-2024-0088;21.08.2024;12.055,56;TRY;can.d;ayse.k
FTR-2024-0190;T003;Ege Danışmanlık;SAS-2024-0144;13.06.2024;6.740,70;TRY;zeynep.a;can.d
FTR-2024-0191;T003;Ege Danışmanlık;SAS-2024-0099;04.05.2024;4.465,02;USD;ayse.k;zeynep.a
FTR-2024-0192;T002;Kuzey Lojistik A.Ş.;SAS-2024-0132;23.03.2024;7.414,56;EUR;mehmet.y;zeynep.a
FTR-2024-0193;T004;Marmara Yapı;SAS-2024-0150;07.06.2024;13.592,50;TRY;mehmet.y;ayse.k
FTR-2024-0194;T001;Atlas Ofis Malzemeleri;SAS-2024-0138;27.01.2024;346.568,88;TRY;can.d;mehmet.y
FTR-2024-0195;T001;Atlas Ofis Malzemeleri;SAS-2024-0103;09.08.2024;22.488,12;TRY;zeynep.a;ayse.k
FTR-2024-0196;T005;Anadolu Bilişim;SAS-2024-0072;15.10.2024;85.000,79;TRY;can.d;zeynep.a
FTR-2024-0197;T002;Kuzey Lojistik A.Ş.;SAS-2024-0155;20.02.2024;49.539,76;USD;mehmet.y;ayse.k
FTR-2024-0198;T005;Anadolu Bilişim;SAS-2024-0156;22.01.2024;15.988,86;TRY;can.d;ayse.k
FTR-2024-0199;T003;Ege Danışmanlık;SAS-2024-0131;10.11.2024;29.040,68;EUR;zeynep.a;can.d
FTR-2024-0200;T005;Anadolu Bilişim;SAS-2024-0079;03.06.2024;4.536,59;TRY;can.d;zeynep.a
